{
  "interactionModel": {
    "languageModel": {
      "intents": [
        {
          "name": "AMAZON.CancelIntent",
          "samples": []
        },
        {
          "name": "AMAZON.HelpIntent",
          "samples": []
        },
        {
          "name": "AMAZON.StopIntent",
          "samples": []
        },
        {
          "name": "AMAZON.NavigateHomeIntent",
          "samples": []
        },
        {
          "slots": [],
          "name": "abrirGrafanaIntent",
          "samples": [
            "lanza grafana",
            "ver grafana",
            "quiero ver grafana"
          ]
        }
      ],
      "types": [],
      "invocationName": "datos valor"
    }
  }
}