{"type":"APL","version":"2023.2","theme":"dark","import":[{"name":"alexa-layouts","version":"1.5.0"}],"mainTemplate":{"parameters":["payload"],"items":[{"type":"Pager","id":"fisrtpager","width":"100%","height":"100%","items":[],"navigation":"none","onMount":[{"type":"OpenURL","source":"http://172.22.2.125:3000/d/ed87d986-85b4-4047-b8c1-c1375654a652/ejemplo?orgId=1","onFail":{"type":"SetValue","componentId":"errorText","property":"text","value":"No se puede abrir la pagina(${event.source.value})"}}]}]}}